award_id_piid,contract_award_unique_key,recipient_name,description,total_obligation,first_action_date,psc_description,state,usaspending_url,sam_piid_url,sam_solicitation_url,doc_url,doc_local_path
140P1325P0012,CONT_AWD_140P1325P0012_1443_-NONE-_-NONE-,"SKINNERS DRILLING & WELL SERVICE, LLC",BIBE EMERGENCY REPLACEMENT PUMP & MOTOR AT WELL #1 RIO GRANDE VILLAGE,4732.79,2025-04-08,REPAIR OR ALTERATION OF WATER SUPPLY FACILITIES,TX,https://www.usaspending.gov/award/CONT_AWD_140P1325P0012_1443_-NONE-_-NONE-/,https://sam.gov/search/?keywords=140P1325P0012&index=co,https://sam.gov/search/?keywords=ORAL&index=opp,,
140P1326P0006,CONT_AWD_140P1326P0006_1443_-NONE-_-NONE-,WATER RUNNER LLC,"BIBE EMERGENCY WATER HAUL, CHISOS BASIN 4000-GAL TRUCK W DRIVER 8000-GAL PER DAY UP TO 14-DAYS",87450.00,2026-01-26,HOUSEKEEPING- FACILITIES OPERATIONS SUPPORT,TX,https://www.usaspending.gov/award/CONT_AWD_140P1326P0006_1443_-NONE-_-NONE-/,https://sam.gov/search/?keywords=140P1326P0006&index=co,,,
140P1424P0127,CONT_AWD_140P1424P0127_1443_-NONE-_-NONE-,BADGER DAYLIGHTING CORP,DINO GRD CULVERT CLEAN OUT.,-11.00,2026-05-08,MAINTENANCE OF RESTORATION OF REAL PROPERTY (PUBLIC OR PRIVATE),UT,https://www.usaspending.gov/award/CONT_AWD_140P1424P0127_1443_-NONE-_-NONE-/,https://sam.gov/search/?keywords=140P1424P0127&index=co,https://sam.gov/search/?keywords=140P1424Q0121&index=opp,,
140P1425P0015,CONT_AWD_140P1425P0015_1443_-NONE-_-NONE-,PARKLAND USA CORPORATION,GRTE DIESEL FUEL,26512.70,2025-03-12,FUEL OILS,WY,https://www.usaspending.gov/award/CONT_AWD_140P1425P0015_1443_-NONE-_-NONE-/,https://sam.gov/search/?keywords=140P1425P0015&index=co,,,
140P1425P0052,CONT_AWD_140P1425P0052_1443_-NONE-_-NONE-,"ENERGISYSTEMS, LLC",CRITICAL REPAIRS TO THE ONLY FUEL SYSTEM AT OK-A-BEH MARINA FOR BIGHORN CANYON NATIONAL RECREATION AREA,5089.47,2025-08-04,MAINT/REPAIR/REBUILD OF EQUIPMENT- VALVES,MT,https://www.usaspending.gov/award/CONT_AWD_140P1425P0052_1443_-NONE-_-NONE-/,https://sam.gov/search/?keywords=140P1425P0052&index=co,,,
140P1525P0121,CONT_AWD_140P1525P0121_1443_-NONE-_-NONE-,LORENZO ENTERPRISES CORP,EVERGLADES NATIONAL PARK - FIRE APPARATUS FORD F-550 SUPER DUTY REPAIRS,17412.70,2025-08-25,MOTOR VEHICLE MAINTENANCE AND REPAIR SHOP SPECIALIZED EQUIPMENT,FL,https://www.usaspending.gov/award/CONT_AWD_140P1525P0121_1443_-NONE-_-NONE-/,https://sam.gov/search/?keywords=140P1525P0121&index=co,https://sam.gov/search/?keywords=140P1525Q0179&index=opp,,
140P1525P0126,CONT_AWD_140P1525P0126_1443_-NONE-_-NONE-,ADVANCED CHEMICAL TRANSPORT LLC,GRCA-BIO-WASTE AND HAZARDOUS MATERIAL CLEAN UP AND DISPOSAL AT THE NORTH RIM DUE TO DRAGON BRAVO WILDFIRE,85600.00,2025-08-28,ENVIRONMENTAL SYSTEMS PROTECTION- ENVIRONMENTAL REMEDIATION,AZ,https://www.usaspending.gov/award/CONT_AWD_140P1525P0126_1443_-NONE-_-NONE-/,https://sam.gov/search/?keywords=140P1525P0126&index=co,https://sam.gov/search/?keywords=140P1525Q0165&index=opp,,
140P1525P0127,CONT_AWD_140P1525P0127_1443_-NONE-_-NONE-,ADVANCED CHEMICAL TRANSPORT LLC,GRCA-PORTABLE TOILETS WITH OPTIONS,72040.00,2025-08-28,HOUSEKEEPING- TRASH/GARBAGE COLLECTION,AZ,https://www.usaspending.gov/award/CONT_AWD_140P1525P0127_1443_-NONE-_-NONE-/,https://sam.gov/search/?keywords=140P1525P0127&index=co,https://sam.gov/search/?keywords=140P1525Q0178&index=opp,,
140P1525P0129,CONT_AWD_140P1525P0129_1443_-NONE-_-NONE-,ADVANCED CHEMICAL TRANSPORT LLC,GRCA-ROLL OFF DUMPSTER WITH OPTIONS,76533.00,2025-08-28,HOUSEKEEPING- TRASH/GARBAGE COLLECTION,AZ,https://www.usaspending.gov/award/CONT_AWD_140P1525P0129_1443_-NONE-_-NONE-/,https://sam.gov/search/?keywords=140P1525P0129&index=co,https://sam.gov/search/?keywords=140P1525Q0182&index=opp,,
140P1526P0005,CONT_AWD_140P1526P0005_1443_-NONE-_-NONE-,"PRO-PIPE, INC.",MOCA EMERGENCY REPAIR TO THE SEWER LINE,80431.00,2026-01-29,"MODIFICATION OF EQUIPMENT- PLUMBING, HEATING, AND WASTE DISPOSAL EQUIPMENT",AZ,https://www.usaspending.gov/award/CONT_AWD_140P1526P0005_1443_-NONE-_-NONE-/,https://sam.gov/search/?keywords=140P1526P0005&index=co,https://sam.gov/search/?keywords=140P1526Q0012&index=opp,,
140P1526P0007,CONT_AWD_140P1526P0007_1443_-NONE-_-NONE-,"WESTERN DIVERSIFIED, LLC",CHIR MOLD ABATEMENT IN QUARTERS 11,13600.00,2026-02-05,EQUIPMENT AND MATERIALS TESTING- MISCELLANEOUS,AZ,https://www.usaspending.gov/award/CONT_AWD_140P1526P0007_1443_-NONE-_-NONE-/,https://sam.gov/search/?keywords=140P1526P0007&index=co,https://sam.gov/search/?keywords=140P1526Q0021&index=opp,,
140P2026C0028,CONT_AWD_140P2026C0028_1443_-NONE-_-NONE-,ATLANTIC INDUSTRIAL COATINGS LIMITED LIABILITY COMPANY,NAMA 291052 PAINT LINCOLN REFLECTING POOL,14652521.24,2026-04-03,REPAIR OR ALTERATION OF OTHER UTILITIES,DC,https://www.usaspending.gov/award/CONT_AWD_140P2026C0028_1443_-NONE-_-NONE-/,https://sam.gov/search/?keywords=140P2026C0028&index=co,https://sam.gov/search/?keywords=140P2026R0050&index=opp,,
140P2026C0031,CONT_AWD_140P2026C0031_1443_-NONE-_-NONE-,"GREEN WATER SOLUTIONS, LLC",NAMA 291052 LINCOLN REFLECTING POOL NANO BUBBLE,1740255.50,2026-04-13,REPAIR OR ALTERATION OF WATER SUPPLY FACILITIES,DC,https://www.usaspending.gov/award/CONT_AWD_140P2026C0031_1443_-NONE-_-NONE-/,https://sam.gov/search/?keywords=140P2026C0031&index=co,https://sam.gov/search/?keywords=140P2026R0032&index=opp,,
140P3025P0008,CONT_AWD_140P3025P0008_1443_-NONE-_-NONE-,"DELAWARE ELEVATOR, INC.",NCR-NAMA: WAMO ELEVATOR REPAIR,12644.00,2025-03-24,MAINT/REPAIR/REBUILD OF EQUIPMENT- SERVICE AND TRADE EQUIPMENT,DC,https://www.usaspending.gov/award/CONT_AWD_140P3025P0008_1443_-NONE-_-NONE-/,https://sam.gov/search/?keywords=140P3025P0008&index=co,,,
140P3025P0012,CONT_AWD_140P3025P0012_1443_-NONE-_-NONE-,"KAIVA SERVICES, LLC",EMERGENCY REPAIRS FOR GEORGE WASHINGTON MEMORIAL PARKWAY USPP D2 SPRINKLER REPAIR,96895.00,2025-03-25,"MAINT/REPAIR/REBUILD OF EQUIPMENT- PLUMBING, HEATING, AND WASTE DISPOSAL EQUIPMENT",VA,https://www.usaspending.gov/award/CONT_AWD_140P3025P0012_1443_-NONE-_-NONE-/,https://sam.gov/search/?keywords=140P3025P0012&index=co,,,
140P3025P0014,CONT_AWD_140P3025P0014_1443_-NONE-_-NONE-,"QUALITY ELEVATOR CO., LLC",CONOPS NATIONAL - NATIONAL MALL AND MEMORIAL PARKS URGENT WING-A ELEVATOR RETROFIT KIT.,4605.00,2025-05-07,MAINT/REPAIR/REBUILD OF EQUIPMENT- SERVICE AND TRADE EQUIPMENT,DC,https://www.usaspending.gov/award/CONT_AWD_140P3025P0014_1443_-NONE-_-NONE-/,https://sam.gov/search/?keywords=140P3025P0014&index=co,,,
140P3025P0017,CONT_AWD_140P3025P0017_1443_-NONE-_-NONE-,WENGER CORP,WOTR EMERGENCY LIGHT BRIDGE MOTOR REPLACEMENT,44594.46,2025-05-13,ELECTRICAL CONTROL EQUIPMENT,VA,https://www.usaspending.gov/award/CONT_AWD_140P3025P0017_1443_-NONE-_-NONE-/,https://sam.gov/search/?keywords=140P3025P0017&index=co,,,
140P3025P0027,CONT_AWD_140P3025P0027_1443_-NONE-_-NONE-,"GUARDIAN FIRE PROTECTION SERVICES, LLC",CON OPS NATIONAL ROCK CREEK PARK - REPAIRS TO FITZGERALD TENNIS CTR. ALARM,28454.00,2025-07-02,MAINT/REPAIR/REBUILD OF EQUIPMENT- FIRE CONTROL EQUIPMENT,DC,https://www.usaspending.gov/award/CONT_AWD_140P3025P0027_1443_-NONE-_-NONE-/,https://sam.gov/search/?keywords=140P3025P0027&index=co,,,
140P3025P0029,CONT_AWD_140P3025P0029_1443_-NONE-_-NONE-,FIVE STAR PORTABLES INC,GWMP - BELLE HAVEN C/S REPAIRS,5000.00,2025-07-24,"MAINT/REPAIR/REBUILD OF EQUIPMENT- PLUMBING, HEATING, AND WASTE DISPOSAL EQUIPMENT",VA,https://www.usaspending.gov/award/CONT_AWD_140P3025P0029_1443_-NONE-_-NONE-/,https://sam.gov/search/?keywords=140P3025P0029&index=co,,,
140P3025P0034,CONT_AWD_140P3025P0034_1443_-NONE-_-NONE-,"KAIVA SERVICES, LLC",NACE - KENILWORTH AG BIO-HAZARDOUS CLEAN UP,4800.00,2025-08-27,ENVIRONMENTAL SYSTEMS PROTECTION- ENVIRONMENTAL REMEDIATION,DC,https://www.usaspending.gov/award/CONT_AWD_140P3025P0034_1443_-NONE-_-NONE-/,https://sam.gov/search/?keywords=140P3025P0034&index=co,,,
140P3026P0007,CONT_AWD_140P3026P0007_1443_-NONE-_-NONE-,"KAIVA SERVICES, LLC",NATIONAL CAPITAL PARKS EAST (NACE) - EMERGENCY WATERLINE REPAIRS FT DUPONT,95135.04,2026-04-21,REPAIR OR ALTERATION OF HIGHWAYS/ROADS/STREETS/BRIDGES/RAILWAYS,DC,https://www.usaspending.gov/award/CONT_AWD_140P3026P0007_1443_-NONE-_-NONE-/,https://sam.gov/search/?keywords=140P3026P0007&index=co,,,
140P4226P0005,CONT_AWD_140P4226P0005_1443_-NONE-_-NONE-,"W & H RESOURCES, INC.",REPAIR & REPLACE ELEVATOR SAFETY COMPONE,6557.36,2026-04-09,"MAINT/REPAIR/REBUILD OF EQUIPMENT- ROPE, CABLE, CHAIN, AND FITTINGS",VA,https://www.usaspending.gov/award/CONT_AWD_140P4226P0005_1443_-NONE-_-NONE-/,https://sam.gov/search/?keywords=140P4226P0005&index=co,,,
140P4525C0018,CONT_AWD_140P4525C0018_1443_-NONE-_-NONE-,THERMAL DYNAMICS INC.,EDIS GLENMONT BOILER REPLACEMENT,39970.65,2025-07-17,"MAINT/REPAIR/REBUILD OF EQUIPMENT- PLUMBING, HEATING, AND WASTE DISPOSAL EQUIPMENT",NJ,https://www.usaspending.gov/award/CONT_AWD_140P4525C0018_1443_-NONE-_-NONE-/,https://sam.gov/search/?keywords=140P4525C0018&index=co,,,
140P4525P0009,CONT_AWD_140P4525P0009_1443_-NONE-_-NONE-,ASSOCIATED FIRE PROTECTION INC,EDIS FIRE SYSTEM REPAIRS,3305.00,2025-05-22,HOUSEKEEPING- FIRE PROTECTION,NJ,https://www.usaspending.gov/award/CONT_AWD_140P4525P0009_1443_-NONE-_-NONE-/,https://sam.gov/search/?keywords=140P4525P0009&index=co,,,
140P5125P0004,CONT_AWD_140P5125P0004_1443_-NONE-_-NONE-,H & H MECHANICAL CORPORATION,"RENTAL OF BOILER UNIT - REMOVE AND DISPOSE OF THE EXISTING 500K BTU BOILER AND SUPPLY A TEMPORARY OUTDOOR RATED BOILER AND NECESSARY PLUMBING AT THE VISITOR CENTER. THE CONTRACTOR SHALL SUPPLY A BOILER UNIT, PIPING, AND ELECTRICAL UPGRADES WHERE NECE",12645.00,2025-02-24,"LEASE OR RENTAL OF EQUIPMENT- PLUMBING, HEATING, AND WASTE DISPOSAL EQUIPMENT",IA,https://www.usaspending.gov/award/CONT_AWD_140P5125P0004_1443_-NONE-_-NONE-/,https://sam.gov/search/?keywords=140P5125P0004&index=co,,,
140P5125P0055,CONT_AWD_140P5125P0055_1443_-NONE-_-NONE-,"HEAD'S PLUMBING SALES & SERVICE, INC.","SERVICE, PLUMBING EMERGENCY LEAK REPAIR, NPS, MARTIN LUTHER KING NATIONAL HISTORICAL PARK, MALU",10854.00,2025-06-05,"MAINT/REPAIR/REBUILD OF EQUIPMENT- PLUMBING, HEATING, AND WASTE DISPOSAL EQUIPMENT",GA,https://www.usaspending.gov/award/CONT_AWD_140P5125P0055_1443_-NONE-_-NONE-/,https://sam.gov/search/?keywords=140P5125P0055&index=co,,,
140P5126P0031,CONT_AWD_140P5126P0031_1443_-NONE-_-NONE-,"E. SMITH HEATING & AIR CONDITIONING, INC.","THIS PROJECT WILL INSTALL THREE (3) HEATING, VENTILATION, AIR-CONDITIONING (HVAC) UNITS. WORK WILL INCLUDE INTEGRATION WITH PORTIONS OF THE EXISTING DUCTWORK SYSTEM, INSTALLATION OF ELECTRICAL DISCONNECTS, REFRIGERANT LINES, CONTROLS, AND COMMISSIONI",61161.00,2026-05-13,REPAIR OR ALTERATION OF RESTORATION OF REAL PROPERTY (PUBLIC OR PRIVATE),GA,https://www.usaspending.gov/award/CONT_AWD_140P5126P0031_1443_-NONE-_-NONE-/,https://sam.gov/search/?keywords=140P5126P0031&index=co,,,
140P5225P0046,CONT_AWD_140P5225P0046_1443_-NONE-_-NONE-,JOHNSON CONTROLS FIRE PROTECTION LP,FY25 NATC REPAIR FIRE ALARMS AT NATC,73449.81,2025-06-26,"MAINT/REPAIR/REBUILD OF EQUIPMENT- ALARM, SIGNAL, AND SECURITY DETECTION SYSTEMS",MS,https://www.usaspending.gov/award/CONT_AWD_140P5225P0046_1443_-NONE-_-NONE-/,https://sam.gov/search/?keywords=140P5225P0046&index=co,,,
140P5326P0001,CONT_AWD_140P5326P0001_1443_-NONE-_-NONE-,"INDUSTRIAL BOILER & MECHANICAL COMPANY, INC.",CUGA EMERGENCY BOILER REPAIR,16867.00,2025-12-16,"MAINT/REPAIR/REBUILD OF EQUIPMENT- PLUMBING, HEATING, AND WASTE DISPOSAL EQUIPMENT",KY,https://www.usaspending.gov/award/CONT_AWD_140P5326P0001_1443_-NONE-_-NONE-/,https://sam.gov/search/?keywords=140P5326P0001&index=co,,,
140P5326P0002,CONT_AWD_140P5326P0002_1443_-NONE-_-NONE-,"W. M. DUNN CONSTRUCTION, LLC",DEMO BODIE ISLAND HOUSING UNITS 117/118,58500.00,2025-12-01,SALVAGE- DEMOLITION OF BUILDINGS,NC,https://www.usaspending.gov/award/CONT_AWD_140P5326P0002_1443_-NONE-_-NONE-/,https://sam.gov/search/?keywords=140P5326P0002&index=co,,,
140P5425C0009,CONT_AWD_140P5425C0009_1443_-NONE-_-NONE-,AJCE CORPORATION,"CONSTRUCTION, EMERGENCY HVAC REPLACEMENT AT POINCIANA HOUSING, DRTO",49990.00,2025-07-23,"INSTALLATION OF EQUIPMENT- REFRIGERATION, AIR CONDITIONING, AND AIR CIRCULATING EQUIPMENT",FL,https://www.usaspending.gov/award/CONT_AWD_140P5425C0009_1443_-NONE-_-NONE-/,https://sam.gov/search/?keywords=140P5425C0009&index=co,https://sam.gov/search/?keywords=140P5425R0024&index=opp,,
140P5425C0029,CONT_AWD_140P5425C0029_1443_-NONE-_-NONE-,SF GENERAL MAINTENANCE SERVICES LLC,"SERVICE, EMERGENCY CLEANING & SANITATION AT CHRISTIANSTED NATIONAL HISTORIC SITE",24995.00,2025-09-24,"MAINT/REPAIR/REBUILD OF EQUIPMENT- PLUMBING, HEATING, AND WASTE DISPOSAL EQUIPMENT",VI,https://www.usaspending.gov/award/CONT_AWD_140P5425C0029_1443_-NONE-_-NONE-/,https://sam.gov/search/?keywords=140P5425C0029&index=co,,,
140P5425P0021,CONT_AWD_140P5425P0021_1443_-NONE-_-NONE-,"WASTE CONNECTIONS OF FLORIDA, INC.",SOLID WASTE PICK-UP AND DISPOSAL,21860.70,2025-04-01,HOUSEKEEPING- TRASH/GARBAGE COLLECTION,FL,https://www.usaspending.gov/award/CONT_AWD_140P5425P0021_1443_-NONE-_-NONE-/,https://sam.gov/search/?keywords=140P5425P0021&index=co,,,
140P5425P0043,CONT_AWD_140P5425P0043_1443_-NONE-_-NONE-,"DEYA ELEVATOR SERVICES, INC.",ELEVATOR MAINTENANCE SERVICE,20000.00,2025-07-17,FREIGHT ELEVATORS,PR,https://www.usaspending.gov/award/CONT_AWD_140P5425P0043_1443_-NONE-_-NONE-/,https://sam.gov/search/?keywords=140P5425P0043&index=co,,,
140P5425P0045,CONT_AWD_140P5425P0045_1443_-NONE-_-NONE-,"CROWLEY'S CONCRETE, INC.",EMERG REPAIR UNDERMINED HQ-EV PARKING,5168.00,2025-07-02,REPAIR OR ALTERATION OF PARKING FACILITIES,FL,https://www.usaspending.gov/award/CONT_AWD_140P5425P0045_1443_-NONE-_-NONE-/,https://sam.gov/search/?keywords=140P5425P0045&index=co,,,
140P6025P0006,CONT_AWD_140P6025P0006_1443_-NONE-_-NONE-,"MERLO PLUMBING COMPANY, INC.","SERVICE, BACKFLOW REPAIR, JEFF",4653.00,2025-03-26,MAINT/REPAIR/REBUILD OF EQUIPMENT- VALVES,MO,https://www.usaspending.gov/award/CONT_AWD_140P6025P0006_1443_-NONE-_-NONE-/,https://sam.gov/search/?keywords=140P6025P0006&index=co,https://sam.gov/search/?keywords=140P6025Q0018&index=opp,,
140P6026P0001,CONT_AWD_140P6026P0001_1443_-NONE-_-NONE-,"ODESSA PUMPS AND EQUIPMENT, INC",BIBE - BIG BEND NATIONAL PARK - EMERGENCY WATER PUMP REPAIR,67689.00,2026-01-08,MAINT/REPAIR/REBUILD OF EQUIPMENT- PUMPS AND COMPRESSORS,TX,https://www.usaspending.gov/award/CONT_AWD_140P6026P0001_1443_-NONE-_-NONE-/,https://sam.gov/search/?keywords=140P6026P0001&index=co,https://sam.gov/search/?keywords=140P6026Q0005&index=opp,,
140P6325P0015,CONT_AWD_140P6325P0015_1443_-NONE-_-NONE-,NEHEMIAH CONSTRUCTION LLC,THIS IS AN URGENT AND COMPELLING CONSTRUCTION SERVICES REQUIREMENT TO REPAIR LIFT STATION LOCATED IN INDIANA DUNES NATIONAL PARK.,52316.80,2025-07-24,"MAINT/REPAIR/REBUILD OF EQUIPMENT- PLUMBING, HEATING, AND WASTE DISPOSAL EQUIPMENT",WV,https://www.usaspending.gov/award/CONT_AWD_140P6325P0015_1443_-NONE-_-NONE-/,https://sam.gov/search/?keywords=140P6325P0015&index=co,,,
140P6326P0006,CONT_AWD_140P6326P0006_1443_-NONE-_-NONE-,"CHAPARRAL CONSTRUCTION, INC.",THRO - URGENT WATERMAIN REPAIRS 2026,18630.00,2026-02-24,MAINTENANCE OF RESTORATION OF REAL PROPERTY (PUBLIC OR PRIVATE),ND,https://www.usaspending.gov/award/CONT_AWD_140P6326P0006_1443_-NONE-_-NONE-/,https://sam.gov/search/?keywords=140P6326P0006&index=co,,,
140P6425C0001,CONT_AWD_140P6425C0001_1443_-NONE-_-NONE-,THE VALLEJO COMPANY,COMM CENTER/COONRAD GAS LINE REPAIR,7800.00,2025-03-13,"INSTALLATION OF EQUIPMENT- PIPE, TUBING, HOSE, AND FITTINGS",OH,https://www.usaspending.gov/award/CONT_AWD_140P6425C0001_1443_-NONE-_-NONE-/,https://sam.gov/search/?keywords=140P6425C0001&index=co,,,
140P6425P0015,CONT_AWD_140P6425P0015_1443_-NONE-_-NONE-,BERRINGTON PUMPS & SYSTEMS INC,"OTHER, LIFT STATION PUMPS",14416.50,2025-03-31,POWER AND HAND PUMPS,OH,https://www.usaspending.gov/award/CONT_AWD_140P6425P0015_1443_-NONE-_-NONE-/,https://sam.gov/search/?keywords=140P6425P0015&index=co,https://sam.gov/search/?keywords=140P6425Q0025&index=opp,,
140P6425P0018,CONT_AWD_140P6425P0018_1443_-NONE-_-NONE-,MALEK INC,"OTHER, WATER TANK REPAIR (VALVE) @ PAIS",19114.16,2025-04-30,MAINT/REPAIR/REBUILD OF EQUIPMENT- VALVES,TX,https://www.usaspending.gov/award/CONT_AWD_140P6425P0018_1443_-NONE-_-NONE-/,https://sam.gov/search/?keywords=140P6425P0018&index=co,https://sam.gov/search/?keywords=140P6425Q0031&index=opp,,
140P6425P0024,CONT_AWD_140P6425P0024_1443_-NONE-_-NONE-,"MOBILE ENTERPRISES, INC.","EPREF, WATER TANK REPAIR (GST)",139520.00,2025-06-17,MAINT/REPAIR/REBUILD OF EQUIPMENT- WATER PURIFICATION AND SEWAGE TREATMENT EQUIPMENT,TX,https://www.usaspending.gov/award/CONT_AWD_140P6425P0024_1443_-NONE-_-NONE-/,https://sam.gov/search/?keywords=140P6425P0024&index=co,https://sam.gov/search/?keywords=140P6425Q0041&index=opp,,
140P6426C0001,CONT_AWD_140P6426C0001_1443_-NONE-_-NONE-,WINTROW CONSTRUCTION CORP,BRIDGE 447 TIMBER REPAIRS,377099.54,2026-01-29,REPAIR OR ALTERATION OF HIGHWAYS/ROADS/STREETS/BRIDGES/RAILWAYS,OH,https://www.usaspending.gov/award/CONT_AWD_140P6426C0001_1443_-NONE-_-NONE-/,https://sam.gov/search/?keywords=140P6426C0001&index=co,https://sam.gov/search/?keywords=140P6425Q0004&index=opp,,
140P6426C0002,CONT_AWD_140P6426C0002_1443_-NONE-_-NONE-,"FIVE STAR MECHANICAL, INC",EMERGENCY PLUMBING REPAIR,16410.00,2026-01-13,REPAIR OR ALTERATION OF WATER SUPPLY FACILITIES,KS,https://www.usaspending.gov/award/CONT_AWD_140P6426C0002_1443_-NONE-_-NONE-/,https://sam.gov/search/?keywords=140P6426C0002&index=co,,,
140P6426P0027,CONT_AWD_140P6426P0027_1443_-NONE-_-NONE-,"SNYDER ENVIRONMENTAL & CONSTRUCTION, LLC","OTHER, MOLD AND ASBESTOS ABATEMENT",23776.00,2026-05-07,ENVIRONMENTAL SYSTEMS PROTECTION- ENVIRONMENTAL REMEDIATION,AR,https://www.usaspending.gov/award/CONT_AWD_140P6426P0027_1443_-NONE-_-NONE-/,https://sam.gov/search/?keywords=140P6426P0027&index=co,,,
140P8126P0007,CONT_AWD_140P8126P0007_1443_-NONE-_-NONE-,"PIONEER EQUIPMENT, INC.",ROUTINE AND REPAIRS FOR 6 AIR COMPRESSORS AT 3 WATER TREATMENT PLANTS AROUND LAKE MEAD.,24396.30,2026-04-01,HOUSEKEEPING- FACILITIES OPERATIONS SUPPORT,NV,https://www.usaspending.gov/award/CONT_AWD_140P8126P0007_1443_-NONE-_-NONE-/,https://sam.gov/search/?keywords=140P8126P0007&index=co,https://sam.gov/search/?keywords=140P8126Q0019&index=opp,,
140P8324P0003,CONT_AWD_140P8324P0003_1443_-NONE-_-NONE-,"THOMPSONGAS, LLC","SUPPLY BULK PROPANE AND TANKS TO MOUNT RAINIER NATIONAL PARK IN AND AROUND ASHFORD, WASHINGTON.",-3552.37,2025-03-26,"FUELS, SOLID",WA,https://www.usaspending.gov/award/CONT_AWD_140P8324P0003_1443_-NONE-_-NONE-/,https://sam.gov/search/?keywords=140P8324P0003&index=co,https://sam.gov/search/?keywords=140P8324Q0004&index=opp,,
140P8324P0006,CONT_AWD_140P8324P0006_1443_-NONE-_-NONE-,ENUMCLAW GENERAL INFORMATION,MORA-VRP-FY24 DISPATCH SUPPORT,-6250.00,2025-01-21,OPERATION OF ELECTRONIC AND COMMUNICATIONS FACILITIES,WA,https://www.usaspending.gov/award/CONT_AWD_140P8324P0006_1443_-NONE-_-NONE-/,https://sam.gov/search/?keywords=140P8324P0006&index=co,https://sam.gov/search/?keywords=DOIPFBO240005&index=opp,,
140P8326P0001,CONT_AWD_140P8326P0001_1443_-NONE-_-NONE-,MOUNTAIN BARGE SERVICES LLC,URGENT EQUIPMENT RENTAL WITH OPERATOR FOR FLOOD RESPONSE - NOCA,178200.00,2025-12-17,"LEASE OR RENTAL OF EQUIPMENT- CONSTRUCTION, MINING, EXCAVATING, AND HIGHWAY MAINTENANCE EQUIPMENT",WA,https://www.usaspending.gov/award/CONT_AWD_140P8326P0001_1443_-NONE-_-NONE-/,https://sam.gov/search/?keywords=140P8326P0001&index=co,,,
140P8422P0066,CONT_AWD_140P8422P0066_1443_-NONE-_-NONE-,"PRO PACIFIC AUTO REPAIR, INC","EMERGENCY FIRE ENGINE REPAIRS - CA-RWP-E652, REDWOOD NATIONAL PARK, CRESCENT CITY, CA.",-138.61,2025-04-07,MAINT/REPAIR/REBUILD OF EQUIPMENT- VEHICULAR EQUIPMENT COMPONENTS,CA,https://www.usaspending.gov/award/CONT_AWD_140P8422P0066_1443_-NONE-_-NONE-/,https://sam.gov/search/?keywords=140P8422P0066&index=co,,,
140P8425P0024,CONT_AWD_140P8425P0024_1443_-NONE-_-NONE-,"GROUND UP ARBORIST & FORESTRY, LLC","THE NATIONAL PARK SERVICE (NPS) AT LASSEN VOLCANIC NATIONAL PARK (LAVO) HAS A REQUIREMENT FOR REMOVAL OF FELLED TREES. THE PROJECT IS LOCATED AT LASSEN VOLCANIC NATIONAL PARK, SHASTA COUNTY, CA.   THE NORTH AMERICAN INDUSTRY CLASSIFICATION SYSTEM (",18000.00,2025-05-15,NATURAL RESOURCES/CONSERVATION- TREE THINNING,CA,https://www.usaspending.gov/award/CONT_AWD_140P8425P0024_1443_-NONE-_-NONE-/,https://sam.gov/search/?keywords=140P8425P0024&index=co,,,
140P8425P0069,CONT_AWD_140P8425P0069_1443_-NONE-_-NONE-,PETERSON MACHINERY CO,REPAIR CATERPILLAR 2021 CAT 150 AWD ROAD GRADER FOR CRATER LAKE NATIONAL PARK (CRLA),89506.52,2025-08-11,MAINT/REPAIR/REBUILD OF EQUIPMENT- SERVICE AND TRADE EQUIPMENT,OR,https://www.usaspending.gov/award/CONT_AWD_140P8425P0069_1443_-NONE-_-NONE-/,https://sam.gov/search/?keywords=140P8425P0069&index=co,https://sam.gov/search/?keywords=PR0044027266&index=opp,,
140P8426P0001,CONT_AWD_140P8426P0001_1443_-NONE-_-NONE-,"DESERT CONSTRUCTION SERVICES, INC.",REPAIR WATER LEAK AT MOJAVE NATIONAL PRESERVE,10000.00,2025-10-24,"MAINT/REPAIR/REBUILD OF EQUIPMENT- PLUMBING, HEATING, AND WASTE DISPOSAL EQUIPMENT",CA,https://www.usaspending.gov/award/CONT_AWD_140P8426P0001_1443_-NONE-_-NONE-/,https://sam.gov/search/?keywords=140P8426P0001&index=co,,,
140P8525P0050,CONT_AWD_140P8525P0050_1443_-NONE-_-NONE-,"MCAULEY MOTORS, INC",YOSE AMB 5 FUEL SYSTEM EMERGENCY REPAIR IN ACCORDANCE WITH ATTACHED STATEMENT OF WORK.,12142.14,2025-09-15,MAINT/REPAIR/REBUILD OF EQUIPMENT- VEHICULAR EQUIPMENT COMPONENTS,CA,https://www.usaspending.gov/award/CONT_AWD_140P8525P0050_1443_-NONE-_-NONE-/,https://sam.gov/search/?keywords=140P8525P0050&index=co,,,
140P8525P0062,CONT_AWD_140P8525P0062_1443_-NONE-_-NONE-,ALFA LAVAL INC,YOSE-CENTRIFUGE CONTROL REPAIRS IAW STATEMENT OF WORK,19044.07,2025-09-02,MAINT/REPAIR/REBUILD OF EQUIPMENT- WATER PURIFICATION AND SEWAGE TREATMENT EQUIPMENT,CA,https://www.usaspending.gov/award/CONT_AWD_140P8525P0062_1443_-NONE-_-NONE-/,https://sam.gov/search/?keywords=140P8525P0062&index=co,,,
140P8525P0073,CONT_AWD_140P8525P0073_1443_-NONE-_-NONE-,A. DANIELE & COMPANY,"THE DEPARTMENT OF THE INTERIOR, NATIONAL PARK SERVICE, IS AWARDING 140P8525P0073 FOR A SEWER LINE REPAIR AT THE EUGENE O'NEILL NATIONAL HISTORIC SITE. THE CONTRACTOR SHALL PROVIDE ALL MOBILIZATION, LABOR, SUPERVISION, MATERIALS, EQUIPMENT, TRANS",11349.60,2025-09-08,REPAIR OR ALTERATION OF WATER SUPPLY FACILITIES,CA,https://www.usaspending.gov/award/CONT_AWD_140P8525P0073_1443_-NONE-_-NONE-/,https://sam.gov/search/?keywords=140P8525P0073&index=co,https://sam.gov/search/?keywords=140P8525Q0115&index=opp,,
140P8525P0075,CONT_AWD_140P8525P0075_1443_-NONE-_-NONE-,QUINN COMPANY,YOSE-REPLACE FAILED ATS CLINIC VA STATION IAW QUOTE # 150812,24822.50,2025-09-11,"GENERATORS AND GENERATOR SETS, ELECTRICAL",CA,https://www.usaspending.gov/award/CONT_AWD_140P8525P0075_1443_-NONE-_-NONE-/,https://sam.gov/search/?keywords=140P8525P0075&index=co,,,
140P8526P0010,CONT_AWD_140P8526P0010_1443_-NONE-_-NONE-,"ETS, INC.",TOWING SERVICES FOR YOSEMITE NATIONAL PARK.,16760.00,2026-04-16,TRANSPORTATION/TRAVEL/RELOCATION- TRANSPORTATION: VESSEL TOWING,CA,https://www.usaspending.gov/award/CONT_AWD_140P8526P0010_1443_-NONE-_-NONE-/,https://sam.gov/search/?keywords=140P8526P0010&index=co,,,
140P8526P0015,CONT_AWD_140P8526P0015_1443_-NONE-_-NONE-,TAP MASTER INC,"INSTALLATION OF ISOLATION VALVE IN EL PORTAL HOUSING AREA - YOSEMITE NATIONAL PARK - MARIPOSA COUNTY, CA",18195.00,2026-04-07,MAINT/REPAIR/REBUILD OF EQUIPMENT- WATER PURIFICATION AND SEWAGE TREATMENT EQUIPMENT,CA,https://www.usaspending.gov/award/CONT_AWD_140P8526P0015_1443_-NONE-_-NONE-/,https://sam.gov/search/?keywords=140P8526P0015&index=co,,,
140P8526P0026,CONT_AWD_140P8526P0026_1443_-NONE-_-NONE-,ALLIANCE WORLDWIDE DISTRIBUTING LLC,"EMERGENCY GENERATOR RENTAL AT WAWONA TUNNEL - YOSEMITE NATIONAL PARK - MARIPOSA COUNTY, CALIFORNIA",57341.43,2026-04-20,LEASE OR RENTAL OF EQUIPMENT- ELECTRIC WIRE AND POWER DISTRIBUTION EQUIPMENT,CA,https://www.usaspending.gov/award/CONT_AWD_140P8526P0026_1443_-NONE-_-NONE-/,https://sam.gov/search/?keywords=140P8526P0026&index=co,,,
140P8625P0001,CONT_AWD_140P8625P0001_1443_-NONE-_-NONE-,ALCATRAZ ISLAND SERVICES LLC,"PREVENTATIVE MAINTENANCE SERVICES FOR ALCATRAZ ISLAND AT GOLDEN GATE NATIONAL RECREATION AREA, SAN FRANCISCO COUNTY, CALIFORNIA.",493054.00,2025-02-04,HOUSEKEEPING- FACILITIES OPERATIONS SUPPORT,CA,https://www.usaspending.gov/award/CONT_AWD_140P8625P0001_1443_-NONE-_-NONE-/,https://sam.gov/search/?keywords=140P8625P0001&index=co,https://sam.gov/search/?keywords=140P8625P0001&index=opp,,
140P8625P0025,CONT_AWD_140P8625P0025_1443_-NONE-_-NONE-,CHANCEY CHAMBERS,EMERGENCY RESPONSE COMPROMISED WELL CASING,10000.00,2025-04-28,NATURAL RESOURCES/CONSERVATION- WELL DRILLING/EXPLORATORY,CA,https://www.usaspending.gov/award/CONT_AWD_140P8625P0025_1443_-NONE-_-NONE-/,https://sam.gov/search/?keywords=140P8625P0025&index=co,,,
140P8625P0040,CONT_AWD_140P8625P0040_1443_-NONE-_-NONE-,ALCATRAZ ISLAND SERVICES LLC,"PREVENTATIVE MAINTENANCE SERVICES FOR GOLDEN GATE NATIONAL RECREATION AREA AT ALCATRAZ ISLAND FROM JULY THROUGH AUGUST, SAN FRANCISCO COUNTY, CALIFORNIA.",202007.75,2025-07-01,HOUSEKEEPING- FACILITIES OPERATIONS SUPPORT,CA,https://www.usaspending.gov/award/CONT_AWD_140P8625P0040_1443_-NONE-_-NONE-/,https://sam.gov/search/?keywords=140P8625P0040&index=co,https://sam.gov/search/?keywords=140P8625Q0056&index=opp,,
140P8625P0069,CONT_AWD_140P8625P0069_1443_-NONE-_-NONE-,"REDWOOD SHORE DIVING, INC.",REMOVE ABANDONED 30' BOAT FROM BEACH,19554.50,2025-09-24,SUPPORT- PROFESSIONAL: OTHER,CA,https://www.usaspending.gov/award/CONT_AWD_140P8625P0069_1443_-NONE-_-NONE-/,https://sam.gov/search/?keywords=140P8625P0069&index=co,,,
140PS125P0007,CONT_AWD_140PS125P0007_1443_-NONE-_-NONE-,VALLEY AUTOMOTIVE GROUP,LAKE E-7361 TURBO REPAIR,10667.52,2025-06-09,MAINT/REPAIR/REBUILD OF EQUIP- FIRE FIGHTING/RESCUE/SAFETY EQUIP; ENVIRON PROTECT EQUIP/MATLS,NV,https://www.usaspending.gov/award/CONT_AWD_140PS125P0007_1443_-NONE-_-NONE-/,https://sam.gov/search/?keywords=140PS125P0007&index=co,https://sam.gov/search/?keywords=140PS125P0007&index=opp,,
140PS125P0009,CONT_AWD_140PS125P0009_1443_-NONE-_-NONE-,YORKSHIRE INDUSTRIES LLC,NATR WILDLAND RESPONSE VEHICLE OUTFITTING,44946.31,2025-08-01,INSTALLATION OF EQUIPMENT- FIRE FIGHTING/RESCUE/SAFETY EQUIPMENT; ENVIRON PROTECT EQUIPMENT/MATLS,MS,https://www.usaspending.gov/award/CONT_AWD_140PS125P0009_1443_-NONE-_-NONE-/,https://sam.gov/search/?keywords=140PS125P0009&index=co,https://sam.gov/search/?keywords=140PS125P0009&index=opp,,
140PS125P0020,CONT_AWD_140PS125P0020_1443_-NONE-_-NONE-,CROSSROAD GARAGE LLC,NERI E-601 TURBO REPLACEMENT (I413701),5833.88,2025-09-12,"MAINT/REPAIR/REBUILD OF EQUIPMENT- GROUND EFFECT VEHICLES, MOTOR VEHICLES, TRAILERS, AND CYCLES",WA,https://www.usaspending.gov/award/CONT_AWD_140PS125P0020_1443_-NONE-_-NONE-/,https://sam.gov/search/?keywords=140PS125P0020&index=co,https://sam.gov/search/?keywords=140PS125P0020&index=opp,,
140PS126C0006,CONT_AWD_140PS126C0006_1443_-NONE-_-NONE-,"KAIVA SERVICES, LLC",NCR-NAMA: EPMY URGENT ROOF REPAIRS (DEFINITIZATION ACTION),32884.80,2026-05-05,REPAIR OR ALTERATION OF RESTORATION OF REAL PROPERTY (PUBLIC OR PRIVATE),DC,https://www.usaspending.gov/award/CONT_AWD_140PS126C0006_1443_-NONE-_-NONE-/,https://sam.gov/search/?keywords=140PS126C0006&index=co,,,
140PS126P0001,CONT_AWD_140PS126P0001_1443_-NONE-_-NONE-,HANSER WRECKER CO.,YELL PR EMERGENCY RESPONSE VEHICLE FIRE,20616.42,2025-12-09,ENVIRONMENTAL SYSTEMS PROTECTION- ENVIRONMENTAL REMEDIATION,WY,https://www.usaspending.gov/award/CONT_AWD_140PS126P0001_1443_-NONE-_-NONE-/,https://sam.gov/search/?keywords=140PS126P0001&index=co,,,
140PS126P0004,CONT_AWD_140PS126P0004_1443_-NONE-_-NONE-,"MID-STATE FORD, LLC",NERI FIRE ENGINE E-601 REPAIRS,3766.25,2025-12-01,"MAINT/REPAIR/REBUILD OF EQUIPMENT- GROUND EFFECT VEHICLES, MOTOR VEHICLES, TRAILERS, AND CYCLES",WV,https://www.usaspending.gov/award/CONT_AWD_140PS126P0004_1443_-NONE-_-NONE-/,https://sam.gov/search/?keywords=140PS126P0004&index=co,https://sam.gov/search/?keywords=140PS126P0004&index=opp,,
140PS126P0006,CONT_AWD_140PS126P0006_1443_-NONE-_-NONE-,LORENZO ENTERPRISES CORP,E605 MAINTENANCE,8301.88,2026-01-21,MAINT/REPAIR/REBUILD OF EQUIPMENT- FIRE CONTROL EQUIPMENT,FL,https://www.usaspending.gov/award/CONT_AWD_140PS126P0006_1443_-NONE-_-NONE-/,https://sam.gov/search/?keywords=140PS126P0006&index=co,https://sam.gov/search/?keywords=140PS126P0006&index=opp,,
140PS126P0008,CONT_AWD_140PS126P0008_1443_-NONE-_-NONE-,EMMETT'S LINE UP & AUTO REPAIR CENTER INC,COMMAND VEHICLE ENGINE REPLACEMENT,8663.65,2026-01-23,FIRE FIGHTING EQUIPMENT,OR,https://www.usaspending.gov/award/CONT_AWD_140PS126P0008_1443_-NONE-_-NONE-/,https://sam.gov/search/?keywords=140PS126P0008&index=co,https://sam.gov/search/?keywords=140PS126P0008&index=opp,,
